Date,Close,Dividends,High,Low,Open,Stock Splits,Volume,Adj Close
2023-10-16,1921.0999755859375,0.0,1921.0999755859375,1910.300048828125,1910.4000244140625,1.0,53,1921.0999755859375
2023-10-17,1922.699951171875,0.0,1925.800048828125,1914.300048828125,1914.300048828125,1.0,103,1922.699951171875
2023-10-18,1955.300048828125,0.0,1957.9000244140625,1935.0,1935.0,1.0,67,1955.300048828125
2023-10-19,1968.4000244140625,0.0,1977.699951171875,1945.699951171875,1950.0999755859375,1.0,1945,1968.4000244140625
2023-10-20,1982.5,0.0,1988.5999755859375,1980.4000244140625,1981.0999755859375,1.0,557,1982.5
2023-10-23,1976.300048828125,0.0,1978.9000244140625,1972.9000244140625,1976.199951171875,1.0,127,1976.300048828125
2023-10-24,1975.0,0.0,1975.0,1970.300048828125,1970.300048828125,1.0,10,1975.0
2023-10-25,1984.0999755859375,0.0,1985.300048828125,1971.199951171875,1971.199951171875,1.0,97,1984.0999755859375
2023-10-26,1987.199951171875,0.0,1988.199951171875,1980.4000244140625,1988.199951171875,1.0,521,1987.199951171875
2023-10-27,1988.5999755859375,0.0,1988.5999755859375,1988.5999755859375,1988.5999755859375,1.0,372,1988.5999755859375
2023-10-30,1996.199951171875,0.0,2004.0999755859375,1992.5,2004.0999755859375,1.0,157,1996.199951171875
2023-10-31,1985.199951171875,0.0,2001.0,1983.699951171875,1996.5,1.0,84,1985.199951171875
2023-11-01,1978.800048828125,0.0,1990.5,1977.800048828125,1990.5,1.0,41,1978.800048828125
2023-11-02,1985.5999755859375,0.0,1990.300048828125,1979.5,1989.0999755859375,1.0,39,1985.5999755859375
2023-11-03,1991.5,0.0,1991.5,1989.0,1989.0,1.0,12,1991.5
2023-11-06,1981.5999755859375,0.0,1981.5999755859375,1977.4000244140625,1981.5999755859375,1.0,130,1981.5999755859375
2023-11-07,1966.800048828125,0.0,1966.800048828125,1960.699951171875,1966.5,1.0,20,1966.800048828125
2023-11-08,1951.5,0.0,1967.800048828125,1947.699951171875,1967.800048828125,1.0,43,1951.5
2023-11-09,1964.199951171875,0.0,1964.199951171875,1945.300048828125,1951.699951171875,1.0,10,1964.199951171875
2023-11-10,1932.5999755859375,0.0,1959.5999755859375,1932.5999755859375,1959.5999755859375,1.0,375,1932.5999755859375
2023-11-13,1945.5,0.0,1947.199951171875,1934.0,1939.9000244140625,1.0,191,1945.5
2023-11-14,1961.800048828125,0.0,1965.800048828125,1961.800048828125,1965.800048828125,1.0,2,1961.800048828125
2023-11-15,1960.0999755859375,0.0,1962.800048828125,1960.0,1962.800048828125,1.0,6,1960.0999755859375
2023-11-16,1983.9000244140625,0.0,1983.9000244140625,1964.5999755859375,1965.300048828125,1.0,39,1983.9000244140625
2023-11-17,1981.5999755859375,0.0,1984.0,1979.800048828125,1982.5,1.0,32,1981.5999755859375
2023-11-20,1977.699951171875,0.0,1979.4000244140625,1969.699951171875,1978.699951171875,1.0,182,1977.699951171875
2023-11-21,1999.300048828125,0.0,2005.5,1988.5,1990.699951171875,1.0,16,1999.300048828125
2023-11-22,1991.4000244140625,0.0,1999.4000244140625,1991.0,1999.0999755859375,1.0,6075,1991.4000244140625
2023-11-24,2002.199951171875,0.0,2002.199951171875,1991.5,1991.9000244140625,1.0,63,2002.199951171875
2023-11-27,2011.800048828125,0.0,2011.800048828125,2011.699951171875,2011.699951171875,1.0,228,2011.800048828125
2023-11-28,2039.699951171875,0.0,2042.699951171875,2039.699951171875,2040.5999755859375,1.0,174665,2039.699951171875
2023-11-29,2047.0999755859375,0.0,2052.10009765625,2036.0,2041.699951171875,1.0,15290,2047.0999755859375
2023-11-30,2038.0999755859375,0.0,2047.0999755859375,2033.0999755859375,2046.0999755859375,1.0,2506,2038.0999755859375
2023-12-01,2071.0,0.0,2073.199951171875,2036.0,2038.300048828125,1.0,614,2071.0
2023-12-04,2024.0999755859375,0.0,2130.199951171875,2021.0,2075.300048828125,1.0,1071,2024.0999755859375
2023-12-05,2018.5,0.0,2037.0,2010.199951171875,2035.0999755859375,1.0,289,2018.5
2023-12-06,2030.5,0.0,2035.800048828125,2019.0,2019.9000244140625,1.0,417,2030.5
2023-12-07,2029.9000244140625,0.0,2034.9000244140625,2024.0,2029.199951171875,1.0,67,2029.9000244140625
2023-12-08,1998.300048828125,0.0,2033.0999755859375,1995.0,2031.699951171875,1.0,449,1998.300048828125
2023-12-11,1978.0,0.0,2004.199951171875,1977.199951171875,2004.0999755859375,1.0,651,1978.0
2023-12-12,1977.800048828125,0.0,1994.199951171875,1977.800048828125,1984.199951171875,1.0,95,1977.800048828125
2023-12-13,1982.300048828125,0.0,2024.800048828125,1975.0,1978.5,1.0,2252,1982.300048828125
2023-12-14,2030.199951171875,0.0,2040.0999755859375,2024.300048828125,2024.699951171875,1.0,236,2030.199951171875
2023-12-15,2021.0999755859375,0.0,2043.4000244140625,2018.300048828125,2032.5999755859375,1.0,261,2021.0999755859375
2023-12-18,2026.300048828125,0.0,2032.800048828125,2024.0,2024.300048828125,1.0,100,2026.300048828125
2023-12-19,2038.4000244140625,0.0,2042.699951171875,2025.199951171875,2025.199951171875,1.0,498,2038.4000244140625
2023-12-20,2034.5,0.0,2037.0999755859375,2030.300048828125,2037.0999755859375,1.0,258,2034.5
2023-12-21,2039.0999755859375,0.0,2044.5,2033.0,2035.800048828125,1.0,228,2039.0999755859375
2023-12-22,2057.10009765625,0.0,2068.699951171875,2052.199951171875,2055.699951171875,1.0,202,2057.10009765625
2023-12-26,2058.199951171875,0.0,2060.800048828125,2054.199951171875,2060.0,1.0,64,2058.199951171875
2023-12-27,2081.89990234375,0.0,2081.89990234375,2064.800048828125,2067.300048828125,1.0,586,2081.89990234375
2023-12-28,2073.89990234375,0.0,2087.300048828125,2066.5,2081.60009765625,1.0,338,2073.89990234375
2023-12-29,2062.39990234375,0.0,2068.89990234375,2062.10009765625,2068.0,1.0,47,2062.39990234375
2024-01-02,2064.39990234375,0.0,2073.699951171875,2057.10009765625,2063.5,1.0,61,2064.39990234375
2024-01-03,2034.199951171875,0.0,2044.0,2034.199951171875,2034.199951171875,1.0,54,2034.199951171875
2024-01-04,2042.300048828125,0.0,2044.5,2038.0,2041.5999755859375,1.0,88,2042.300048828125
2024-01-05,2042.4000244140625,0.0,2048.10009765625,2042.4000244140625,2044.5,1.0,12,2042.4000244140625
2024-01-08,2026.5999755859375,0.0,2033.699951171875,2019.0999755859375,2019.0999755859375,1.0,10,2026.5999755859375
2024-01-09,2026.4000244140625,0.0,2035.800048828125,2026.4000244140625,2035.800048828125,1.0,27,2026.4000244140625
2024-01-10,2021.699951171875,0.0,2035.5999755859375,2021.699951171875,2029.0,1.0,538,2021.699951171875
2024-01-11,2014.300048828125,0.0,2025.0999755859375,2014.300048828125,2025.0999755859375,1.0,97,2014.300048828125
2024-01-12,2046.699951171875,0.0,2057.0,2031.0999755859375,2031.0999755859375,1.0,390,2046.699951171875
2024-01-16,2026.0,0.0,2054.800048828125,2026.0,2051.699951171875,1.0,46,2026.0
2024-01-17,2002.5999755859375,0.0,2026.5,2002.5999755859375,2026.5,1.0,764,2002.5999755859375
2024-01-18,2018.5999755859375,0.0,2018.5999755859375,2009.5,2012.800048828125,1.0,1474,2018.5999755859375
2024-01-19,2026.5,0.0,2036.0,2019.5,2023.199951171875,1.0,50,2026.5
2024-01-22,2019.800048828125,0.0,2021.300048828125,2019.800048828125,2021.300048828125,1.0,12,2019.800048828125
2024-01-23,2023.699951171875,0.0,2030.300048828125,2022.5,2030.300048828125,1.0,15,2023.699951171875
2024-01-24,2013.9000244140625,0.0,2033.199951171875,2013.9000244140625,2023.199951171875,1.0,253,2013.9000244140625
2024-01-25,2016.9000244140625,0.0,2022.4000244140625,2012.0999755859375,2012.0999755859375,1.0,548,2016.9000244140625
2024-01-26,2016.800048828125,0.0,2022.4000244140625,2016.800048828125,2021.699951171875,1.0,49,2016.800048828125
2024-01-29,2025.199951171875,0.0,2025.199951171875,2025.199951171875,2025.199951171875,1.0,150708,2025.199951171875
2024-01-30,2031.5,0.0,2048.5,2028.0999755859375,2032.5,1.0,26907,2031.5
2024-01-31,2048.39990234375,0.0,2055.0,2030.0,2035.4000244140625,1.0,2007,2048.39990234375
2024-02-01,2053.0,0.0,2064.5,2029.0,2040.199951171875,1.0,947,2053.0
2024-02-02,2036.0999755859375,0.0,2055.89990234375,2027.699951171875,2054.800048828125,1.0,888,2036.0999755859375
2024-02-05,2025.699951171875,0.0,2040.800048828125,2013.800048828125,2038.9000244140625,1.0,412,2025.699951171875
2024-02-06,2034.5,0.0,2037.300048828125,2025.9000244140625,2025.9000244140625,1.0,249,2034.5
2024-02-07,2035.199951171875,0.0,2039.5,2032.699951171875,2032.800048828125,1.0,71,2035.199951171875
2024-02-08,2032.199951171875,0.0,2036.699951171875,2020.300048828125,2028.0,1.0,341,2032.199951171875
2024-02-09,2023.300048828125,0.0,2032.0,2020.0,2032.0,1.0,62,2023.300048828125
2024-02-12,2018.199951171875,0.0,2025.5,2011.5999755859375,2025.5,1.0,317,2018.199951171875
2024-02-13,1992.9000244140625,0.0,2025.800048828125,1990.0,2025.0999755859375,1.0,198,1992.9000244140625
2024-02-14,1990.300048828125,0.0,1993.5,1984.800048828125,1990.300048828125,1.0,1916,1990.300048828125
2024-02-15,2002.0999755859375,0.0,2007.199951171875,1993.5999755859375,1993.5999755859375,1.0,286,2002.0999755859375
2024-02-16,2011.5,0.0,2011.5,1996.5,2005.0,1.0,32,2011.5
2024-02-20,2027.5,0.0,2029.0,2015.5999755859375,2015.5999755859375,1.0,1326,2027.5
2024-02-21,2022.300048828125,0.0,2028.199951171875,2022.300048828125,2028.199951171875,1.0,15,2022.300048828125
2024-02-22,2019.699951171875,0.0,2033.199951171875,2019.699951171875,2033.199951171875,1.0,964,2019.699951171875
2024-02-23,2038.5999755859375,0.0,2038.5999755859375,2014.9000244140625,2026.0,1.0,22,2038.5999755859375
2024-02-26,2028.5,0.0,2035.4000244140625,2024.800048828125,2034.0999755859375,1.0,143,2028.5
2024-02-27,2034.0,0.0,2035.9000244140625,2034.0,2035.9000244140625,1.0,964,2034.0
2024-02-28,2033.0,0.0,2037.0,2024.800048828125,2029.5,1.0,581,2033.0
2024-02-29,2045.699951171875,0.0,2049.800048828125,2034.300048828125,2034.300048828125,1.0,706,2045.699951171875
2024-03-01,2086.89990234375,0.0,2086.89990234375,2041.800048828125,2043.0999755859375,1.0,1210,2086.89990234375
2024-03-04,2117.699951171875,0.0,2119.800048828125,2080.699951171875,2083.60009765625,1.0,805,2117.699951171875
2024-03-05,2133.5,0.0,2133.5,2111.39990234375,2114.89990234375,1.0,1287,2133.5
2024-03-06,2150.300048828125,0.0,2150.300048828125,2125.5,2125.5,1.0,443,2150.300048828125
2024-03-07,2158.0,0.0,2163.0,2147.0,2147.0,1.0,152,2158.0
2024-03-08,2178.60009765625,0.0,2194.89990234375,2166.300048828125,2167.300048828125,1.0,259,2178.60009765625
2024-03-11,2182.5,0.0,2184.0,2177.199951171875,2181.0,1.0,738,2182.5
2024-03-12,2160.39990234375,0.0,2182.699951171875,2160.39990234375,2182.5,1.0,550,2160.39990234375
2024-03-13,2175.39990234375,0.0,2175.39990234375,2162.5,2162.5,1.0,20,2175.39990234375
2024-03-14,2163.0,0.0,2163.0,2162.300048828125,2163.0,1.0,515,2163.0
2024-03-15,2157.300048828125,0.0,2161.699951171875,2157.300048828125,2161.699951171875,1.0,100,2157.300048828125
2024-03-18,2160.699951171875,0.0,2160.699951171875,2146.199951171875,2146.199951171875,1.0,21,2160.699951171875
2024-03-19,2156.300048828125,0.0,2156.300048828125,2156.10009765625,2156.10009765625,1.0,12,2156.300048828125
2024-03-20,2157.89990234375,0.0,2185.89990234375,2150.89990234375,2157.300048828125,1.0,17,2157.89990234375
2024-03-21,2182.39990234375,0.0,2211.60009765625,2182.39990234375,2207.0,1.0,63,2182.39990234375
2024-03-22,2158.10009765625,0.0,2179.60009765625,2157.5,2179.199951171875,1.0,19,2158.10009765625
2024-03-25,2174.800048828125,0.0,2179.39990234375,2166.199951171875,2166.199951171875,1.0,79,2174.800048828125
2024-03-26,2175.60009765625,0.0,2182.699951171875,2175.60009765625,2182.699951171875,1.0,202373,2175.60009765625
2024-03-27,2190.60009765625,0.0,2196.199951171875,2172.10009765625,2179.39990234375,1.0,31200,2190.60009765625
2024-03-28,2217.39990234375,0.0,2234.10009765625,2187.10009765625,2193.60009765625,1.0,2040,2217.39990234375
2024-04-01,2236.5,0.0,2264.199951171875,2230.0,2235.699951171875,1.0,400,2236.5
2024-04-02,2261.0,0.0,2279.199951171875,2247.60009765625,2252.0,1.0,435,2261.0
2024-04-03,2294.39990234375,0.0,2298.800048828125,2267.89990234375,2281.699951171875,1.0,285,2294.39990234375
2024-04-04,2288.800048828125,0.0,2302.89990234375,2280.0,2301.699951171875,1.0,251,2288.800048828125
2024-04-05,2325.699951171875,0.0,2328.39990234375,2267.39990234375,2289.199951171875,1.0,344,2325.699951171875
2024-04-08,2331.699951171875,0.0,2341.800048828125,2319.0,2325.60009765625,1.0,202,2331.699951171875
2024-04-09,2343.5,0.0,2364.699951171875,2337.800048828125,2337.800048828125,1.0,211,2343.5
2024-04-10,2329.60009765625,0.0,2358.10009765625,2327.699951171875,2346.60009765625,1.0,377,2329.60009765625
2024-04-11,2354.800048828125,0.0,2376.300048828125,2330.60009765625,2341.5,1.0,283,2354.800048828125
2024-04-12,2356.199951171875,0.0,2429.0,2334.300048828125,2377.300048828125,1.0,584,2356.199951171875
2024-04-15,2365.800048828125,0.0,2384.699951171875,2326.0,2362.10009765625,1.0,1801,2365.800048828125
2024-04-16,2390.800048828125,0.0,2390.800048828125,2371.39990234375,2384.0,1.0,41,2390.800048828125
2024-04-17,2371.699951171875,0.0,2391.39990234375,2369.300048828125,2384.199951171875,1.0,37,2371.699951171875
2024-04-18,2382.300048828125,0.0,2384.39990234375,2368.39990234375,2368.39990234375,1.0,128,2382.300048828125
2024-04-19,2398.39990234375,0.0,2399.800048828125,2377.300048828125,2379.300048828125,1.0,160,2398.39990234375
2024-04-22,2332.199951171875,0.0,2383.300048828125,2326.89990234375,2383.300048828125,1.0,53,2332.199951171875
2024-04-23,2327.699951171875,0.0,2330.800048828125,2294.199951171875,2327.699951171875,1.0,171,2327.699951171875
2024-04-24,2324.5,0.0,2328.699951171875,2314.60009765625,2321.300048828125,1.0,95,2324.5
2024-04-25,2329.800048828125,0.0,2329.800048828125,2305.0,2315.0,1.0,1024,2329.800048828125
2024-04-26,2334.800048828125,0.0,2347.89990234375,2332.800048828125,2347.89990234375,1.0,717,2334.800048828125
2024-04-29,2345.39990234375,0.0,2345.5,2327.89990234375,2334.800048828125,1.0,405,2345.39990234375
2024-04-30,2291.39990234375,0.0,2322.5,2291.39990234375,2322.5,1.0,113,2291.39990234375
2024-05-01,2299.89990234375,0.0,2327.300048828125,2283.800048828125,2287.699951171875,1.0,42,2299.89990234375
2024-05-02,2299.199951171875,0.0,2324.699951171875,2292.300048828125,2321.699951171875,1.0,56,2299.199951171875
2024-05-03,2299.0,0.0,2301.0,2277.60009765625,2300.0,1.0,194,2299.0
2024-05-06,2321.60009765625,0.0,2325.5,2314.199951171875,2322.800048828125,1.0,9,2321.60009765625
2024-05-07,2315.199951171875,0.0,2324.300048828125,2315.199951171875,2324.300048828125,1.0,25,2315.199951171875
2024-05-08,2313.60009765625,0.0,2313.60009765625,2313.60009765625,2313.60009765625,1.0,4,2313.60009765625
2024-05-09,2332.10009765625,0.0,2339.5,2310.699951171875,2310.699951171875,1.0,5,2332.10009765625
2024-05-10,2367.300048828125,0.0,2367.300048828125,2367.300048828125,2367.300048828125,1.0,126,2367.300048828125
2024-05-13,2336.10009765625,0.0,2358.300048828125,2336.10009765625,2358.300048828125,1.0,14,2336.10009765625
2024-05-14,2353.39990234375,0.0,2358.0,2336.0,2336.0,1.0,6,2353.39990234375
2024-05-15,2388.699951171875,0.0,2388.699951171875,2356.0,2361.60009765625,1.0,29,2388.699951171875
2024-05-16,2380.0,0.0,2392.199951171875,2380.0,2389.5,1.0,7,2380.0
2024-05-17,2412.199951171875,0.0,2415.800048828125,2380.699951171875,2380.699951171875,1.0,213,2412.199951171875
2024-05-20,2433.89990234375,0.0,2435.800048828125,2409.699951171875,2415.800048828125,1.0,40,2433.89990234375
2024-05-21,2421.699951171875,0.0,2429.5,2421.0,2429.5,1.0,6,2421.699951171875
2024-05-22,2389.199951171875,0.0,2417.60009765625,2375.800048828125,2417.5,1.0,180,2389.199951171875
2024-05-23,2335.0,0.0,2371.199951171875,2335.0,2371.199951171875,1.0,365,2335.0
2024-05-24,2332.5,0.0,2345.39990234375,2332.5,2342.60009765625,1.0,25,2332.5
2024-05-28,2355.199951171875,0.0,2359.699951171875,2336.89990234375,2336.89990234375,1.0,26,2355.199951171875
2024-05-29,2340.300048828125,0.0,2340.300048828125,2340.300048828125,2340.300048828125,1.0,119317,2340.300048828125
2024-05-30,2342.89990234375,0.0,2349.5,2320.800048828125,2336.89990234375,1.0,32587,2342.89990234375
2024-05-31,2322.89990234375,0.0,2354.0,2319.0,2344.10009765625,1.0,941,2322.89990234375
2024-06-03,2346.60009765625,0.0,2347.5,2312.0,2322.60009765625,1.0,781,2346.60009765625
2024-06-04,2325.5,0.0,2347.699951171875,2313.89990234375,2347.5,1.0,890,2325.5
2024-06-05,2354.10009765625,0.0,2354.300048828125,2326.199951171875,2326.39990234375,1.0,295,2354.10009765625
2024-06-06,2370.300048828125,0.0,2375.800048828125,2355.0,2355.0,1.0,179,2370.300048828125
2024-06-07,2305.199951171875,0.0,2385.10009765625,2285.39990234375,2379.89990234375,1.0,269,2305.199951171875
2024-06-10,2307.699951171875,0.0,2309.300048828125,2290.5,2290.60009765625,1.0,69,2307.699951171875
2024-06-11,2307.5,0.0,2314.10009765625,2300.0,2300.0,1.0,871,2307.5
2024-06-12,2336.0,0.0,2338.699951171875,2310.300048828125,2314.89990234375,1.0,132,2336.0
2024-06-13,2300.199951171875,0.0,2317.699951171875,2296.199951171875,2309.39990234375,1.0,298,2300.199951171875
2024-06-14,2331.39990234375,0.0,2331.39990234375,2305.800048828125,2307.0,1.0,948,2331.39990234375
2024-06-17,2312.39990234375,0.0,2320.199951171875,2309.60009765625,2320.199951171875,1.0,110,2312.39990234375
2024-06-18,2330.39990234375,0.0,2330.39990234375,2311.800048828125,2311.800048828125,1.0,43,2330.39990234375
2024-06-20,2353.800048828125,0.0,2354.0,2328.300048828125,2328.89990234375,1.0,183,2353.800048828125
2024-06-21,2316.39990234375,0.0,2331.199951171875,2316.39990234375,2331.199951171875,1.0,76,2316.39990234375
2024-06-24,2330.0,0.0,2332.89990234375,2322.699951171875,2323.300048828125,1.0,99,2330.0
2024-06-25,2316.60009765625,0.0,2333.0,2316.60009765625,2324.39990234375,1.0,105,2316.60009765625
2024-06-26,2299.199951171875,0.0,2314.39990234375,2298.0,2307.89990234375,1.0,986,2299.199951171875
2024-06-27,2324.5,0.0,2329.0,2295.0,2296.800048828125,1.0,1532,2324.5
2024-06-28,2327.699951171875,0.0,2338.300048828125,2319.0,2325.39990234375,1.0,92,2327.699951171875
2024-07-01,2327.60009765625,0.0,2329.699951171875,2321.699951171875,2323.800048828125,1.0,237,2327.60009765625
2024-07-02,2323.0,0.0,2334.60009765625,2323.0,2330.699951171875,1.0,30,2323.0
2024-07-03,2359.800048828125,0.0,2361.60009765625,2330.89990234375,2330.89990234375,1.0,59,2359.800048828125
2024-07-05,2388.5,0.0,2388.5,2354.89990234375,2354.89990234375,1.0,72,2388.5
2024-07-08,2355.199951171875,0.0,2383.800048828125,2352.800048828125,2381.699951171875,1.0,64,2355.199951171875
2024-07-09,2360.10009765625,0.0,2363.699951171875,2360.10009765625,2363.10009765625,1.0,9,2360.10009765625
2024-07-10,2372.199951171875,0.0,2377.0,2365.800048828125,2366.300048828125,1.0,19,2372.199951171875
2024-07-11,2415.0,0.0,2416.699951171875,2378.699951171875,2378.699951171875,1.0,72,2415.0
2024-07-12,2414.0,0.0,2414.0,2391.300048828125,2399.800048828125,1.0,355,2414.0
2024-07-15,2422.89990234375,0.0,2436.0,2422.89990234375,2430.0,1.0,540,2422.89990234375
2024-07-16,2462.39990234375,0.0,2462.39990234375,2427.39990234375,2427.39990234375,1.0,93,2462.39990234375
2024-07-17,2454.800048828125,0.0,2473.10009765625,2454.800048828125,2472.89990234375,1.0,10,2454.800048828125
2024-07-18,2451.800048828125,0.0,2466.0,2451.800048828125,2466.0,1.0,2,2451.800048828125
2024-07-19,2395.5,0.0,2419.199951171875,2395.5,2418.800048828125,1.0,15,2395.5
2024-07-22,2392.0,0.0,2402.10009765625,2392.0,2402.10009765625,1.0,18,2392.0
2024-07-23,2404.60009765625,0.0,2404.60009765625,2388.699951171875,2395.800048828125,1.0,41,2404.60009765625
2024-07-24,2413.300048828125,0.0,2421.0,2411.60009765625,2421.0,1.0,6,2413.300048828125
2024-07-25,2351.89990234375,0.0,2365.5,2351.89990234375,2365.5,1.0,31,2351.89990234375
2024-07-26,2380.0,0.0,2386.89990234375,2368.699951171875,2368.699951171875,1.0,95,2380.0
2024-07-29,2377.300048828125,0.0,2377.300048828125,2377.300048828125,2377.300048828125,1.0,126409,2377.300048828125
2024-07-30,2405.0,0.0,2409.300048828125,2373.800048828125,2380.89990234375,1.0,25944,2405.0
2024-07-31,2426.5,0.0,2447.60009765625,2402.800048828125,2407.10009765625,1.0,1313,2426.5
2024-08-01,2435.0,0.0,2455.10009765625,2430.39990234375,2446.699951171875,1.0,690,2435.0
2024-08-02,2425.699951171875,0.0,2477.0,2416.0,2444.0,1.0,550,2425.699951171875
2024-08-05,2401.699951171875,0.0,2449.800048828125,2367.39990234375,2442.0,1.0,334,2401.699951171875
2024-08-06,2389.10009765625,0.0,2421.800048828125,2380.0,2414.5,1.0,163,2389.10009765625
2024-08-07,2390.5,0.0,2401.0,2384.5,2392.199951171875,1.0,130,2390.5
2024-08-08,2422.199951171875,0.0,2422.800048828125,2384.300048828125,2384.300048828125,1.0,201,2422.199951171875
2024-08-09,2432.10009765625,0.0,2432.10009765625,2418.5,2422.300048828125,1.0,611,2432.10009765625
2024-08-12,2462.39990234375,0.0,2469.800048828125,2432.0,2432.699951171875,1.0,566,2462.39990234375
2024-08-13,2466.699951171875,0.0,2470.0,2456.5,2461.0,1.0,510,2466.699951171875
2024-08-14,2439.39990234375,0.0,2472.10009765625,2439.39990234375,2468.0,1.0,274,2439.39990234375
2024-08-15,2453.10009765625,0.0,2467.699951171875,2431.199951171875,2451.800048828125,1.0,285,2453.10009765625
2024-08-16,2498.60009765625,0.0,2508.0,2451.39990234375,2453.5,1.0,197,2498.60009765625
2024-08-19,2501.800048828125,0.0,2508.5,2487.199951171875,2508.5,1.0,88,2501.800048828125
2024-08-20,2511.300048828125,0.0,2527.300048828125,2500.699951171875,2503.5,1.0,187,2511.300048828125
2024-08-21,2508.39990234375,0.0,2515.39990234375,2503.89990234375,2511.0,1.0,96,2508.39990234375
2024-08-22,2478.89990234375,0.0,2504.10009765625,2471.10009765625,2504.10009765625,1.0,210,2478.89990234375
2024-08-23,2508.39990234375,0.0,2508.39990234375,2486.5,2486.5,1.0,94,2508.39990234375
2024-08-26,2517.699951171875,0.0,2523.10009765625,2509.10009765625,2509.89990234375,1.0,290,2517.699951171875
2024-08-27,2516.0,0.0,2523.10009765625,2506.89990234375,2515.199951171875,1.0,100,2516.0
2024-08-28,2501.0,0.0,2501.0,2501.0,2501.0,1.0,2353,2501.0
2024-08-29,2525.699951171875,0.0,2525.699951171875,2503.89990234375,2504.10009765625,1.0,3966,2525.699951171875
2024-08-30,2493.800048828125,0.0,2525.39990234375,2493.800048828125,2519.5,1.0,208,2493.800048828125
2024-09-03,2489.89990234375,0.0,2501.800048828125,2476.300048828125,2501.60009765625,1.0,206,2489.89990234375
2024-09-04,2493.39990234375,0.0,2493.39990234375,2483.5,2490.89990234375,1.0,470,2493.39990234375
2024-09-05,2511.39990234375,0.0,2513.300048828125,2493.39990234375,2493.699951171875,1.0,54,2511.39990234375
2024-09-06,2493.5,0.0,2517.89990234375,2483.699951171875,2510.300048828125,1.0,96,2493.5
2024-09-09,2501.800048828125,0.0,2504.699951171875,2491.300048828125,2491.300048828125,1.0,96,2501.800048828125
2024-09-10,2512.300048828125,0.0,2512.300048828125,2512.300048828125,2512.300048828125,1.0,5,2512.300048828125
2024-09-11,2512.10009765625,0.0,2525.800048828125,2502.300048828125,2525.800048828125,1.0,90,2512.10009765625
2024-09-12,2551.199951171875,0.0,2557.0,2523.39990234375,2529.10009765625,1.0,132,2551.199951171875
2024-09-13,2581.300048828125,0.0,2581.800048828125,2565.0,2568.800048828125,1.0,31,2581.300048828125
2024-09-16,2580.39990234375,0.0,2580.39990234375,2580.39990234375,2580.39990234375,1.0,28,2580.39990234375
2024-09-17,2564.300048828125,0.0,2581.800048828125,2564.300048828125,2581.199951171875,1.0,22,2564.300048828125
2024-09-18,2570.699951171875,0.0,2570.699951171875,2549.199951171875,2570.699951171875,1.0,25,2570.699951171875
2024-09-19,2588.0,0.0,2588.0,2566.0,2566.0,1.0,99,2588.0
2024-09-20,2619.89990234375,0.0,2621.800048828125,2590.39990234375,2590.39990234375,1.0,17,2619.89990234375
2024-09-23,2626.5,0.0,2626.5,2626.5,2626.5,1.0,9,2626.5
2024-09-24,2651.199951171875,0.0,2662.300048828125,2625.5,2636.800048828125,1.0,35,2651.199951171875
2024-09-25,2659.199951171875,0.0,2664.199951171875,2649.300048828125,2656.300048828125,1.0,175,2659.199951171875
2024-09-26,2669.89990234375,0.0,2669.89990234375,2660.800048828125,2662.300048828125,1.0,17216,2669.89990234375
2024-09-27,2644.300048828125,0.0,2672.10009765625,2641.699951171875,2670.0,1.0,4228,2644.300048828125
2024-09-30,2636.10009765625,0.0,2662.10009765625,2623.199951171875,2660.89990234375,1.0,973,2636.10009765625
2024-10-01,2667.300048828125,0.0,2670.89990234375,2631.39990234375,2631.39990234375,1.0,153,2667.300048828125
2024-10-02,2647.10009765625,0.0,2657.199951171875,2640.0,2650.60009765625,1.0,72,2647.10009765625
2024-10-03,2657.10009765625,0.0,2657.10009765625,2640.0,2642.800048828125,1.0,354,2657.10009765625
2024-10-04,2645.800048828125,0.0,2667.0,2639.0,2656.0,1.0,114,2645.800048828125
2024-10-07,2644.800048828125,0.0,2657.39990234375,2639.0,2648.699951171875,1.0,284,2644.800048828125
2024-10-08,2615.0,0.0,2639.0,2609.300048828125,2639.0,1.0,687,2615.0
2024-10-09,2606.0,0.0,2607.699951171875,2603.0,2603.0,1.0,152,2606.0
2024-10-10,2620.60009765625,0.0,2628.300048828125,2602.5,2602.5,1.0,320,2620.60009765625
2024-10-11,2657.60009765625,0.0,2658.10009765625,2638.199951171875,2638.300048828125,1.0,12,2657.60009765625
2024-10-14,2647.800048828125,0.0,2655.300048828125,2647.800048828125,2655.0,1.0,40,2647.800048828125
2024-10-15,2661.39990234375,0.0,2661.39990234375,2661.39990234375,2661.39990234375,1.0,39,2661.39990234375
2024-10-16,2674.0,0.0,2674.0,2674.0,2674.0,1.0,6,2674.0
2024-10-17,2691.0,0.0,2691.699951171875,2677.199951171875,2677.39990234375,1.0,30,2691.0
2024-10-18,2713.699951171875,0.0,2719.60009765625,2713.699951171875,2713.699951171875,1.0,29,2713.699951171875
2024-10-21,2723.10009765625,0.0,2738.39990234375,2719.5,2721.89990234375,1.0,52,2723.10009765625
2024-10-22,2744.199951171875,0.0,2746.0,2728.60009765625,2731.699951171875,1.0,93,2744.199951171875
2024-10-23,2714.39990234375,0.0,2742.5,2714.199951171875,2742.5,1.0,18,2714.39990234375
2024-10-24,2734.89990234375,0.0,2736.10009765625,2729.0,2729.0,1.0,27,2734.89990234375
2024-10-25,2740.89990234375,0.0,2742.39990234375,2725.5,2725.5,1.0,29,2740.89990234375
2024-10-28,2742.89990234375,0.0,2742.89990234375,2729.5,2736.10009765625,1.0,56,2742.89990234375
2024-10-29,2768.39990234375,0.0,2768.39990234375,2768.39990234375,2768.39990234375,1.0,848,2768.39990234375
2024-10-30,2788.5,0.0,2789.0,2774.60009765625,2774.60009765625,1.0,231,2788.5
2024-10-31,2738.300048828125,0.0,2787.5,2733.5,2787.39990234375,1.0,849,2738.300048828125
2024-11-01,2738.60009765625,0.0,2756.0,2734.199951171875,2745.5,1.0,109,2738.60009765625
2024-11-04,2736.10009765625,0.0,2737.10009765625,2736.10009765625,2736.5,1.0,16,2736.10009765625
2024-11-05,2740.300048828125,0.0,2743.89990234375,2740.300048828125,2743.0,1.0,23,2740.300048828125
2024-11-06,2667.60009765625,0.0,2734.5,2659.39990234375,2734.5,1.0,427,2667.60009765625
2024-11-07,2698.39990234375,0.0,2699.10009765625,2662.5,2662.5,1.0,676,2698.39990234375
2024-11-08,2687.5,0.0,2694.60009765625,2682.89990234375,2688.5,1.0,1038,2687.5
2024-11-11,2611.199951171875,0.0,2671.699951171875,2611.199951171875,2671.699951171875,1.0,20,2611.199951171875
2024-11-12,2600.0,0.0,2605.5,2592.800048828125,2605.5,1.0,118,2600.0
2024-11-13,2580.800048828125,0.0,2611.800048828125,2580.800048828125,2611.10009765625,1.0,53,2580.800048828125
2024-11-14,2568.199951171875,0.0,2576.199951171875,2554.199951171875,2555.10009765625,1.0,27,2568.199951171875
2024-11-15,2565.699951171875,0.0,2565.699951171875,2565.699951171875,2565.699951171875,1.0,20,2565.699951171875
2024-11-18,2610.60009765625,0.0,2610.699951171875,2589.39990234375,2591.699951171875,1.0,136,2610.60009765625
2024-11-19,2627.10009765625,0.0,2627.699951171875,2619.300048828125,2621.89990234375,1.0,87,2627.10009765625
2024-11-20,2648.199951171875,0.0,2648.199951171875,2638.5,2638.5,1.0,27,2648.199951171875
2024-11-21,2672.10009765625,0.0,2672.10009765625,2655.699951171875,2659.300048828125,1.0,33,2672.10009765625
2024-11-22,2709.89990234375,0.0,2710.5,2685.60009765625,2687.5,1.0,41,2709.89990234375
2024-11-25,2616.800048828125,0.0,2689.39990234375,2616.800048828125,2689.39990234375,1.0,94,2616.800048828125
2024-11-26,2620.300048828125,0.0,2625.60009765625,2620.300048828125,2625.60009765625,1.0,177858,2620.300048828125
2024-11-27,2639.89990234375,0.0,2657.89990234375,2627.199951171875,2633.5,1.0,61653,2639.89990234375
2024-11-29,2657.0,0.0,2664.300048828125,2620.699951171875,2636.39990234375,1.0,3861,2657.0
2024-12-02,2634.89990234375,0.0,2649.800048828125,2621.699951171875,2649.0,1.0,695,2634.89990234375
2024-12-03,2644.699951171875,0.0,2654.699951171875,2636.0,2639.0,1.0,1062,2644.699951171875
2024-12-04,2653.800048828125,0.0,2658.300048828125,2637.0,2639.199951171875,1.0,249,2653.800048828125
2024-12-05,2626.60009765625,0.0,2655.0,2625.699951171875,2652.39990234375,1.0,573,2626.60009765625
2024-12-06,2638.60009765625,0.0,2643.10009765625,2617.5,2620.199951171875,1.0,571,2638.60009765625
2024-12-09,2664.89990234375,0.0,2677.10009765625,2630.800048828125,2632.10009765625,1.0,935,2664.89990234375
2024-12-10,2697.60009765625,0.0,2698.199951171875,2661.0,2662.300048828125,1.0,437,2697.60009765625
2024-12-11,2733.800048828125,0.0,2733.800048828125,2693.10009765625,2701.800048828125,1.0,3387,2733.800048828125
2024-12-12,2687.5,0.0,2725.10009765625,2677.39990234375,2725.10009765625,1.0,2365,2687.5
2024-12-13,2656.0,0.0,2689.300048828125,2647.89990234375,2688.199951171875,1.0,1125,2656.0
2024-12-16,2651.39990234375,0.0,2663.300048828125,2651.0,2658.300048828125,1.0,877,2651.39990234375
2024-12-17,2644.39990234375,0.0,2652.300048828125,2632.5,2651.800048828125,1.0,705,2644.39990234375
2024-12-18,2636.5,0.0,2647.10009765625,2590.199951171875,2644.300048828125,1.0,566,2636.5
2024-12-19,2592.199951171875,0.0,2610.300048828125,2582.10009765625,2582.10009765625,1.0,238,2592.199951171875
2024-12-20,2628.699951171875,0.0,2631.60009765625,2604.89990234375,2605.300048828125,1.0,592,2628.699951171875
2024-12-23,2612.300048828125,0.0,2627.699951171875,2611.10009765625,2620.0,1.0,451,2612.300048828125
2024-12-24,2620.0,0.0,2620.0,2609.5,2613.0,1.0,35,2620.0
2024-12-26,2638.800048828125,0.0,2638.800048828125,2627.89990234375,2628.5,1.0,84,2638.800048828125
2024-12-27,2617.199951171875,0.0,2617.699951171875,2616.39990234375,2617.699951171875,1.0,642,2617.199951171875
2024-12-30,2606.10009765625,0.0,2626.89990234375,2597.0,2620.699951171875,1.0,794,2606.10009765625
2024-12-31,2629.199951171875,0.0,2629.199951171875,2604.89990234375,2608.39990234375,1.0,401,2629.199951171875
2025-01-02,2658.89990234375,0.0,2663.10009765625,2633.0,2633.0,1.0,1728,2658.89990234375
2025-01-03,2645.0,0.0,2658.699951171875,2641.800048828125,2658.699951171875,1.0,591,2645.0
2025-01-06,2638.39990234375,0.0,2647.0,2617.300048828125,2645.5,1.0,960,2638.39990234375
2025-01-07,2656.699951171875,0.0,2657.5,2653.0,2653.39990234375,1.0,643,2656.699951171875
2025-01-08,2664.5,0.0,2676.89990234375,2653.5,2655.5,1.0,999,2664.5
2025-01-09,2683.800048828125,0.0,2686.300048828125,2667.89990234375,2669.699951171875,1.0,1139,2683.800048828125
2025-01-10,2708.5,0.0,2720.10009765625,2683.699951171875,2686.10009765625,1.0,403,2708.5
2025-01-13,2673.5,0.0,2711.199951171875,2673.5,2711.10009765625,1.0,765,2673.5
2025-01-14,2677.5,0.0,2688.300048828125,2670.800048828125,2673.60009765625,1.0,794,2677.5
2025-01-15,2712.5,0.0,2712.5,2690.800048828125,2690.800048828125,1.0,930,2712.5
2025-01-16,2746.39990234375,0.0,2749.800048828125,2731.699951171875,2731.699951171875,1.0,1721,2746.39990234375
2025-01-17,2744.300048828125,0.0,2751.60009765625,2725.5,2736.0,1.0,1214,2744.300048828125
2025-01-21,2755.0,0.0,2755.0,2724.800048828125,2746.0,1.0,1439,2755.0
2025-01-22,2767.60009765625,0.0,2768.800048828125,2753.5,2754.5,1.0,2079,2767.60009765625
2025-01-23,2763.10009765625,0.0,2765.0,2745.39990234375,2760.0,1.0,2201,2763.10009765625
2025-01-24,2777.300048828125,0.0,2792.0,2759.800048828125,2759.800048828125,1.0,1593,2777.300048828125
2025-01-27,2737.5,0.0,2762.199951171875,2737.5,2761.10009765625,1.0,984,2737.5
2025-01-28,2766.800048828125,0.0,2766.800048828125,2738.0,2738.0,1.0,2307,2766.800048828125
2025-01-29,2769.10009765625,0.0,2769.10009765625,2769.10009765625,2769.10009765625,1.0,125692,2769.10009765625
2025-01-30,2823.0,0.0,2829.5,2770.0,2772.5,1.0,40141,2823.0
2025-01-31,2812.5,0.0,2838.0,2804.0,2829.0,1.0,3443,2812.5
2025-02-03,2833.89990234375,0.0,2848.39990234375,2780.89990234375,2818.199951171875,1.0,2649,2833.89990234375
2025-02-04,2853.300048828125,0.0,2853.300048828125,2816.10009765625,2827.60009765625,1.0,2187,2853.300048828125
2025-02-05,2871.60009765625,0.0,2880.5,2848.0,2850.0,1.0,4519,2871.60009765625
2025-02-06,2856.0,0.0,2871.699951171875,2836.300048828125,2865.199951171875,1.0,3116,2856.0
2025-02-07,2867.300048828125,0.0,2889.5,2857.800048828125,2859.89990234375,1.0,1822,2867.300048828125
2025-02-10,2914.300048828125,0.0,2916.10009765625,2863.800048828125,2864.199951171875,1.0,2237,2914.300048828125
2025-02-11,2912.5,0.0,2945.39990234375,2890.0,2925.5,1.0,2554,2912.5
2025-02-12,2909.0,0.0,2912.300048828125,2868.60009765625,2902.0,1.0,2504,2909.0
2025-02-13,2925.89990234375,0.0,2937.699951171875,2910.60009765625,2911.300048828125,1.0,4670,2925.89990234375
2025-02-14,2883.60009765625,0.0,2944.39990234375,2874.800048828125,2937.300048828125,1.0,1992,2883.60009765625
2025-02-18,2931.60009765625,0.0,2936.39990234375,2873.800048828125,2879.199951171875,1.0,4010,2931.60009765625
2025-02-19,2919.39990234375,0.0,2946.0,2917.10009765625,2938.699951171875,1.0,2630,2919.39990234375
2025-02-20,2940.0,0.0,2955.800048828125,2924.199951171875,2949.10009765625,1.0,656,2940.0
2025-02-21,2937.60009765625,0.0,2940.0,2917.300048828125,2938.800048828125,1.0,570,2937.60009765625
2025-02-24,2947.89990234375,0.0,2957.89990234375,2933.10009765625,2933.10009765625,1.0,415,2947.89990234375
2025-02-25,2904.5,0.0,2943.199951171875,2890.0,2938.699951171875,1.0,1854,2904.5
2025-02-26,2916.800048828125,0.0,2917.0,2913.0,2913.5,1.0,2050,2916.800048828125
2025-02-27,2883.199951171875,0.0,2922.800048828125,2870.39990234375,2918.5,1.0,3215,2883.199951171875
2025-02-28,2836.800048828125,0.0,2877.10009765625,2834.10009765625,2877.10009765625,1.0,990,2836.800048828125
2025-03-03,2890.199951171875,0.0,2891.800048828125,2863.39990234375,2872.699951171875,1.0,423,2890.199951171875
2025-03-04,2909.60009765625,0.0,2927.89990234375,2886.10009765625,2886.10009765625,1.0,885,2909.60009765625
2025-03-05,2915.300048828125,0.0,2922.0,2893.0,2916.699951171875,1.0,551,2915.300048828125
2025-03-06,2916.60009765625,0.0,2918.60009765625,2903.800048828125,2904.0,1.0,870,2916.60009765625
2025-03-07,2904.699951171875,0.0,2927.300048828125,2900.5,2900.89990234375,1.0,531,2904.699951171875
2025-03-10,2891.0,0.0,2915.10009765625,2880.199951171875,2910.10009765625,1.0,55,2891.0
2025-03-11,2912.89990234375,0.0,2916.699951171875,2880.39990234375,2884.39990234375,1.0,197,2912.89990234375
2025-03-12,2939.10009765625,0.0,2939.10009765625,2910.0,2912.0,1.0,213,2939.10009765625
2025-03-13,2984.300048828125,0.0,2988.0,2935.199951171875,2937.10009765625,1.0,2366,2984.300048828125
2025-03-14,2994.5,0.0,3004.800048828125,2986.0,2994.39990234375,1.0,1800,2994.5
2025-03-17,3000.0,0.0,3001.5,2989.0,2991.0,1.0,214,3000.0
2025-03-18,3035.10009765625,0.0,3039.199951171875,3004.39990234375,3006.39990234375,1.0,428,3035.10009765625
2025-03-19,3035.89990234375,0.0,3050.89990234375,3030.89990234375,3035.199951171875,1.0,175,3035.89990234375
2025-03-20,3040.0,0.0,3047.300048828125,3034.39990234375,3047.300048828125,1.0,185,3040.0
2025-03-21,3018.199951171875,0.0,3037.5,3000.89990234375,3034.5,1.0,151,3018.199951171875
2025-03-24,3013.10009765625,0.0,3024.300048828125,3006.0,3024.300048828125,1.0,137,3013.10009765625
2025-03-25,3023.699951171875,0.0,3028.800048828125,3023.699951171875,3026.39990234375,1.0,74,3023.699951171875
2025-03-26,3020.89990234375,0.0,3033.199951171875,3019.5,3033.199951171875,1.0,83,3020.89990234375
2025-03-27,3060.199951171875,0.0,3065.0,3025.5,3025.5,1.0,124359,3060.199951171875
2025-03-28,3086.5,0.0,3094.89990234375,3066.800048828125,3069.699951171875,1.0,31206,3086.5
2025-03-31,3122.800048828125,0.0,3132.5,3086.0,3091.0,1.0,3438,3122.800048828125
2025-04-01,3118.89990234375,0.0,3149.5,3104.0,3129.699951171875,1.0,1721,3118.89990234375
2025-04-02,3139.89990234375,0.0,3168.60009765625,3117.39990234375,3120.699951171875,1.0,5946,3139.89990234375
2025-04-03,3097.0,0.0,3166.89990234375,3052.0,3150.0,1.0,5516,3097.0
2025-04-04,3012.0,0.0,3127.699951171875,3011.0,3110.5,1.0,3247,3012.0
2025-04-07,2951.300048828125,0.0,3050.800048828125,2949.699951171875,3016.39990234375,1.0,4424,2951.300048828125
2025-04-08,2968.39990234375,0.0,3014.5,2968.39990234375,2994.0,1.0,3213,2968.39990234375
2025-04-09,3056.5,0.0,3090.39990234375,2965.800048828125,2965.800048828125,1.0,2175,3056.5
2025-04-10,3155.199951171875,0.0,3167.0,3072.10009765625,3073.89990234375,1.0,3456,3155.199951171875
2025-04-11,3222.199951171875,0.0,3235.0,3182.10009765625,3182.10009765625,1.0,862,3222.199951171875
2025-04-14,3204.800048828125,0.0,3228.800048828125,3194.5,3215.5,1.0,263,3204.800048828125
2025-04-15,3218.699951171875,0.0,3218.699951171875,3214.0,3216.0,1.0,390,3218.699951171875
2025-04-16,3326.60009765625,0.0,3334.89990234375,3238.300048828125,3238.300048828125,1.0,1874,3326.60009765625
2025-04-17,3308.699951171875,0.0,3345.0,3287.800048828125,3345.0,1.0,824,3308.699951171875
2025-04-21,3406.199951171875,0.0,3418.5,3342.199951171875,3342.199951171875,1.0,78,3406.199951171875
2025-04-22,3400.800048828125,0.0,3485.60009765625,3361.699951171875,3422.199951171875,1.0,785,3400.800048828125
2025-04-23,3276.300048828125,0.0,3370.300048828125,3256.199951171875,3321.199951171875,1.0,331,3276.300048828125
2025-04-24,3332.0,0.0,3353.89990234375,3304.89990234375,3305.39990234375,1.0,560,3332.0
2025-04-25,3282.39990234375,0.0,3355.5,3266.10009765625,3355.5,1.0,162,3282.39990234375
2025-04-28,3332.5,0.0,3332.5,3284.5,3284.5,1.0,1300,3332.5
2025-04-29,3318.800048828125,0.0,3340.0,3299.89990234375,3340.0,1.0,1278,3318.800048828125
2025-04-30,3305.0,0.0,3318.699951171875,3268.0,3318.699951171875,1.0,207,3305.0
2025-05-01,3210.0,0.0,3275.0,3198.60009765625,3272.89990234375,1.0,2131,3210.0
2025-05-02,3231.89990234375,0.0,3257.0,3225.0,3239.89990234375,1.0,1349,3231.89990234375
2025-05-05,3311.300048828125,0.0,3315.699951171875,3239.699951171875,3242.699951171875,1.0,244,3311.300048828125
2025-05-06,3411.39990234375,0.0,3430.89990234375,3356.800048828125,3365.5,1.0,2357,3411.39990234375
2025-05-07,3381.39990234375,0.0,3418.699951171875,3364.699951171875,3418.699951171875,1.0,1080,3381.39990234375
2025-05-08,3296.60009765625,0.0,3390.0,3288.699951171875,3390.0,1.0,200,3296.60009765625
2025-05-09,3335.39990234375,0.0,3335.5,3299.0,3299.0,1.0,216,3335.39990234375
2025-05-12,3220.0,0.0,3300.699951171875,3205.0,3300.699951171875,1.0,886,3220.0
2025-05-13,3240.300048828125,0.0,3251.39990234375,3223.5,3232.0,1.0,2424,3240.300048828125
2025-05-14,3181.39990234375,0.0,3233.0,3171.699951171875,3233.0,1.0,3518,3181.39990234375
2025-05-15,3220.699951171875,0.0,3228.10009765625,3125.0,3151.0,1.0,652,3220.699951171875
2025-05-16,3182.0,0.0,3228.10009765625,3173.89990234375,3227.699951171875,1.0,199,3182.0
2025-05-19,3228.89990234375,0.0,3241.0,3228.300048828125,3234.39990234375,1.0,266,3228.89990234375
2025-05-20,3280.300048828125,0.0,3293.199951171875,3207.5,3219.0,1.0,356,3280.300048828125
2025-05-21,3309.300048828125,0.0,3317.5,3290.199951171875,3293.39990234375,1.0,979,3309.300048828125
2025-05-22,3292.300048828125,0.0,3328.0,3282.699951171875,3327.300048828125,1.0,1210,3292.300048828125
2025-05-23,3363.60009765625,0.0,3363.60009765625,3323.5,3328.0,1.0,47,3363.60009765625
2025-05-27,3299.10009765625,0.0,3341.0,3296.300048828125,3332.5,1.0,189,3299.10009765625
2025-05-28,3293.60009765625,0.0,3293.60009765625,3293.60009765625,3293.60009765625,1.0,127758,3293.60009765625
2025-05-29,3317.10009765625,0.0,3328.800048828125,3242.39990234375,3283.699951171875,1.0,24370,3317.10009765625
2025-05-30,3288.89990234375,0.0,3318.0,3270.89990234375,3315.10009765625,1.0,2213,3288.89990234375
2025-06-02,3370.60009765625,0.0,3380.800048828125,3296.89990234375,3296.89990234375,1.0,976,3370.60009765625
2025-06-03,3350.199951171875,0.0,3390.0,3331.300048828125,3385.10009765625,1.0,6410,3350.199951171875
2025-06-04,3373.5,0.0,3380.0,3344.0,3355.0,1.0,207,3373.5
2025-06-05,3350.699951171875,0.0,3400.0,3343.699951171875,3371.5,1.0,731,3350.699951171875
2025-06-06,3322.699951171875,0.0,3364.300048828125,3306.0,3364.300048828125,1.0,81,3322.699951171875
2025-06-09,3332.10009765625,0.0,3334.60009765625,3290.0,3315.60009765625,1.0,1887,3332.10009765625
2025-06-10,3320.89990234375,0.0,3344.300048828125,3302.0,3302.0,1.0,65,3320.89990234375
2025-06-11,3321.300048828125,0.0,3356.0,3321.300048828125,3328.0,1.0,2106,3321.300048828125
2025-06-12,3380.89990234375,0.0,3395.89990234375,3353.39990234375,3363.0,1.0,1818,3380.89990234375
2025-06-13,3431.199951171875,0.0,3444.0,3407.300048828125,3407.300048828125,1.0,499,3431.199951171875
2025-06-16,3396.39990234375,0.0,3442.0,3385.39990234375,3442.0,1.0,480,3396.39990234375
2025-06-17,3386.60009765625,0.0,3398.300048828125,3376.10009765625,3398.300048828125,1.0,1477,3386.60009765625
2025-06-18,3389.800048828125,0.0,3391.89990234375,3365.10009765625,3385.300048828125,1.0,0,3389.800048828125
2025-06-20,3368.10009765625,0.0,3372.89990234375,3341.0,3350.0,1.0,709,3368.10009765625
2025-06-23,3377.699951171875,0.0,3387.89990234375,3350.0,3365.89990234375,1.0,30,3377.699951171875
2025-06-24,3317.39990234375,0.0,3358.0,3301.0,3358.0,1.0,538,3317.39990234375
2025-06-25,3327.10009765625,0.0,3331.199951171875,3310.60009765625,3321.60009765625,1.0,373,3327.10009765625
2025-06-26,3333.5,0.0,3333.5,3332.39990234375,3332.39990234375,1.0,2058,3333.5
2025-06-27,3273.699951171875,0.0,3318.699951171875,3253.800048828125,3318.699951171875,1.0,284,3273.699951171875
2025-06-30,3294.39990234375,0.0,3306.89990234375,3262.0,3265.89990234375,1.0,1242,3294.39990234375
2025-07-01,3336.699951171875,0.0,3354.10009765625,3310.10009765625,3310.10009765625,1.0,371,3336.699951171875
2025-07-02,3348.0,0.0,3357.5,3329.0,3329.0,1.0,39,3348.0
2025-07-03,3331.60009765625,0.0,3362.0,3322.300048828125,3362.0,1.0,0,3331.60009765625
2025-07-04,3332.5,0.0,3342.0,3332.5,3342.0,1.0,0,3332.5
2025-07-07,3332.199951171875,0.0,3333.300048828125,3299.199951171875,3305.5,1.0,254,3332.199951171875
2025-07-08,3307.0,0.0,3334.5,3287.60009765625,3330.39990234375,1.0,909,3307.0
2025-07-09,3311.60009765625,0.0,3314.0,3282.0,3289.39990234375,1.0,114,3311.60009765625
2025-07-10,3317.39990234375,0.0,3330.5,3311.60009765625,3323.60009765625,1.0,209,3317.39990234375
2025-07-11,3356.0,0.0,3370.0,3330.5,3330.5,1.0,776,3356.0
2025-07-14,3351.5,0.0,3375.5,3350.0,3367.0,1.0,583,3351.5
2025-07-15,3329.800048828125,0.0,3341.0,3329.800048828125,3341.0,1.0,210,3329.800048828125
2025-07-16,3352.5,0.0,3352.89990234375,3329.5,3341.199951171875,1.0,10,3352.5
2025-07-17,3340.10009765625,0.0,3340.800048828125,3313.800048828125,3313.800048828125,1.0,667,3340.10009765625
2025-07-18,3353.0,0.0,3353.0,3338.199951171875,3338.199951171875,1.0,602,3353.0
2025-07-21,3401.89990234375,0.0,3411.699951171875,3350.300048828125,3350.300048828125,1.0,53,3401.89990234375
2025-07-22,3439.199951171875,0.0,3441.0,3395.60009765625,3411.0,1.0,39,3439.199951171875
2025-07-23,3394.10009765625,0.0,3433.89990234375,3388.10009765625,3430.300048828125,1.0,63,3394.10009765625
2025-07-24,3371.0,0.0,3371.0,3367.0,3367.0,1.0,1175,3371.0
2025-07-25,3334.0,0.0,3345.0,3326.5,3344.0,1.0,67,3334.0
2025-07-28,3309.10009765625,0.0,3326.800048828125,3309.10009765625,3326.60009765625,1.0,533,3309.10009765625
2025-07-29,3323.39990234375,0.0,3323.39990234375,3323.39990234375,3323.39990234375,1.0,113144,3323.39990234375
2025-07-30,3295.800048828125,0.0,3331.800048828125,3263.89990234375,3325.800048828125,1.0,19252,3295.800048828125
2025-07-31,3293.199951171875,0.0,3312.0,3272.89990234375,3272.89990234375,1.0,3704,3293.199951171875
2025-08-01,3347.699951171875,0.0,3360.60009765625,3281.0,3286.199951171875,1.0,3420,3347.699951171875
2025-08-04,3374.39990234375,0.0,3386.5,3347.39990234375,3367.60009765625,1.0,351,3374.39990234375
2025-08-05,3381.89990234375,0.0,3387.199951171875,3351.199951171875,3378.5,1.0,915,3381.89990234375
2025-08-06,3380.0,0.0,3383.300048828125,3361.300048828125,3380.699951171875,1.0,1492,3380.0
2025-08-07,3400.300048828125,0.0,3422.89990234375,3384.89990234375,3384.89990234375,1.0,5464,3400.300048828125
2025-08-08,3439.10009765625,0.0,3477.0,3402.5,3438.800048828125,1.0,7657,3439.10009765625
2025-08-11,3353.10009765625,0.0,3383.89990234375,3349.199951171875,3383.89990234375,1.0,1488,3353.10009765625
2025-08-12,3348.89990234375,0.0,3356.199951171875,3330.10009765625,3356.199951171875,1.0,1611,3348.89990234375
2025-08-13,3358.699951171875,0.0,3363.39990234375,3358.699951171875,3358.800048828125,1.0,1011,3358.699951171875
2025-08-14,3335.199951171875,0.0,3356.0,3328.89990234375,3346.800048828125,1.0,592,3335.199951171875
2025-08-15,3336.0,0.0,3346.800048828125,3335.89990234375,3346.800048828125,1.0,1185,3336.0
2025-08-18,3331.699951171875,0.0,3347.800048828125,3331.699951171875,3333.5,1.0,646,3331.699951171875
2025-08-19,3313.39990234375,0.0,3343.5,3313.39990234375,3330.199951171875,1.0,1655,3313.39990234375
2025-08-20,3343.39990234375,0.0,3343.5,3310.10009765625,3310.60009765625,1.0,1213,3343.39990234375
2025-08-21,3336.89990234375,0.0,3349.39990234375,3326.5,3349.39990234375,1.0,142,3336.89990234375
2025-08-22,3374.39990234375,0.0,3377.699951171875,3349.39990234375,3349.39990234375,1.0,1240,3374.39990234375
2025-08-25,3373.800048828125,0.0,3378.0,3366.0,3366.0,1.0,1044,3373.800048828125
2025-08-26,3388.60009765625,0.0,3396.5,3371.10009765625,3378.89990234375,1.0,905,3388.60009765625
2025-08-27,3404.60009765625,0.0,3404.60009765625,3382.0,3397.0,1.0,3222,3404.60009765625
2025-08-28,3431.800048828125,0.0,3434.60009765625,3400.0,3409.0,1.0,1035,3431.800048828125
2025-08-29,3473.699951171875,0.0,3475.60009765625,3426.60009765625,3432.5,1.0,0,3473.699951171875
2025-09-02,3549.39990234375,0.0,3559.199951171875,3485.699951171875,3485.699951171875,1.0,658,3549.39990234375
2025-09-03,3593.199951171875,0.0,3593.699951171875,3553.199951171875,3554.800048828125,1.0,72,3593.199951171875
2025-09-04,3565.800048828125,0.0,3573.60009765625,3549.89990234375,3549.89990234375,1.0,237,3565.800048828125
2025-09-05,3613.199951171875,0.0,3613.199951171875,3567.800048828125,3567.800048828125,1.0,925,3613.199951171875
2025-09-08,3638.10009765625,0.0,3641.0,3590.0,3594.5,1.0,97,3638.10009765625
2025-09-09,3643.300048828125,0.0,3670.39990234375,3627.800048828125,3647.10009765625,1.0,535,3643.300048828125
2025-09-10,3643.60009765625,0.0,3655.39990234375,3620.800048828125,3625.0,1.0,136,3643.60009765625
2025-09-11,3636.89990234375,0.0,3636.89990234375,3618.39990234375,3632.89990234375,1.0,307,3636.89990234375
2025-09-12,3649.39990234375,0.0,3656.800048828125,3643.0,3655.5,1.0,1300,3649.39990234375
2025-09-15,3682.199951171875,0.0,3686.39990234375,3635.10009765625,3640.0,1.0,210,3682.199951171875
2025-09-16,3688.89990234375,0.0,3698.60009765625,3681.39990234375,3681.39990234375,1.0,373,3688.89990234375
2025-09-17,3681.800048828125,0.0,3685.199951171875,3661.60009765625,3669.0,1.0,183,3681.800048828125
2025-09-18,3643.699951171875,0.0,3667.39990234375,3637.0,3654.60009765625,1.0,80,3643.699951171875
2025-09-19,3671.5,0.0,3685.89990234375,3658.199951171875,3659.0,1.0,211,3671.5
2025-09-22,3740.699951171875,0.0,3748.199951171875,3688.0,3688.199951171875,1.0,410,3740.699951171875
2025-09-23,3780.60009765625,0.0,3786.0,3740.0,3747.0,1.0,627,3780.60009765625
2025-09-24,3732.10009765625,0.0,3772.5,3732.10009765625,3769.800048828125,1.0,588,3732.10009765625
2025-09-25,3736.89990234375,0.0,3756.0,3724.699951171875,3742.800048828125,1.0,1899,3736.89990234375
2025-09-26,3775.300048828125,0.0,3775.300048828125,3775.300048828125,3775.300048828125,1.0,19308,3775.300048828125
2025-09-29,3820.89990234375,0.0,3827.60009765625,3754.800048828125,3754.800048828125,1.0,8860,3820.89990234375
2025-09-30,3840.800048828125,0.0,3865.5,3793.39990234375,3827.5,1.0,1611,3840.800048828125
2025-10-01,3867.5,0.0,3891.89990234375,3853.300048828125,3863.5,1.0,1778,3867.5
2025-10-02,3839.699951171875,0.0,3888.60009765625,3823.699951171875,3856.199951171875,1.0,3418,3839.699951171875
2025-10-03,3880.800048828125,0.0,3886.800048828125,3853.699951171875,3855.199951171875,1.0,392,3880.800048828125
2025-10-06,3948.5,0.0,3960.0,3926.800048828125,3931.300048828125,1.0,1267,3948.5
2025-10-07,3976.60009765625,0.0,3981.5,3940.0,3959.39990234375,1.0,2903,3976.60009765625
2025-10-08,4043.300048828125,0.0,4049.199951171875,3987.199951171875,3987.199951171875,1.0,2179,4043.300048828125
2025-10-09,3946.300048828125,0.0,4046.199951171875,3940.0,4011.199951171875,1.0,3130,3946.300048828125
2025-10-10,3975.89990234375,0.0,4012.0,3945.5,3957.0,1.0,1697,3975.89990234375
2025-10-13,4108.60009765625,0.0,4111.0,4016.0,4016.0,1.0,1697,4108.60009765625
2025-10-14,4138.7001953125,0.0,4160.10009765625,4085.800048828125,4131.7001953125,1.0,1697,4138.7001953125
2025-10-15,4207.60009765625,0.0,4235.7998046875,4157.2998046875,4160.10009765625,1.0,266916,4207.60009765625
